smontegudo@gmail.com,Álvaro Sánchez Monteagudo,smontegudo
aherrera@gmail.com,Amparo Herra Climent,aherrera
correomalformado,Carlos Yuste Guerrero
agutierrez@gmail.com,Ana Gutierrez Lozano,agutierrez
amiguel@gmail.com,Antonio Miguel Lacunza,amiguel
adelgado@gmail.com,Antonio Delgado Jimeno,adelgado
correomalformado,Carlos Yuste Guerrero
bjerez@gmail.com,Belén Jerez Rivera,bjerez
cbarroso@gmail.com,Carla Barroso Soriano,cbarroso
cyuste@gmail.com,Carlos Yuste Guerrero,cyuste
bjerez@gmail.com,Belén Jerez Rivera,bjerez
cperez@gmail.com,Carmina Pérez Lopez,cperez
cyuste@gmail.com,Carlos Yuste Guerrero,cyuste
correomalformado,Carlos Yuste Guerrero
ikasillas@gmail.com,Iker Casillas,ikasillas